JM1BL1VF2B1453553,JM1BL1VFB,MAZDA MAZDA3,09MAY2013
JTHBW1GG4D2004710,JTHBW1GGD,LEXUS ES 300H HYBRID,01OCT2015
2LMDU88C88BJ37846,2LMDU88C8,LINCOLN MKX,20JAN2009
1G4HP53L7NH447043,1G4HP53LN,Buick LeSabre,24AUG2009
3N1AB6AP9BL627477,3N1AB6APB,NISSAN SENTRA SL,23OCT2013
1FMCU9GXXDUA26673,1FMCU9GXD,2013 Ford Escape 4WD 4D SUV 4WD SE 1.6L,28JAN2016
2HNYD18936H509966,2HNYD1896,ACURA MDX 4WD,22JAN2014
YV1RS61R722118288,YV1RS61R2,VOLVO S60,06FEB2014
1FMEU64E06UB15360,1FMEU64E6,FORD EXPLORER 2WD V6,19DEC2011
JF1GJAA61EH004979,JF1GJAA61E,,14JUL2015
2G1FB1EV2A9110658,2G1FB1EVA,CHEVROLET CAMARO V6,16OCT2009
JA3AJ26EX4U009205,JA3AJ26E4,MITSUBISHI LANCER FWD,10MAY2016
1LNHM87A21Y626717,1LNHM87A1,LINCOLN LS V8,08DEC2009
2HNYD28417H503675,2HNYD2847,ACURA MDX 4WD,08DEC2009
1FBNE3BL6BDB03486,1FBNE3BLB,FORD E350 CLUB WAGON V8,03MAY2012
1C6RR7VT1ES166622,1C6RR7VTE,RAM 1500 4WD V8,13JAN2016
WBAFU9C53DDY71819,WBAFU9C5D,B M W 5 SERIES,02MAR2016
JTEHP21A860166370,JTEHP21A6,TOYOTA HIGHLANDER 4WD V6,20NOV2009
JM3LW28A730357529,JM3LW28A3,MAZDA MPV,23NOV2012
1FAFP34P5YW337616,1FAFP34PY,FORD FOCUS,18MAR2011
KMHEC4A41BA003293,KMHEC4A4B,HYUNDAI SONATA HYBRID,09JUN2015
1FTHX25G8RKA21244,1FTHX25GR,FORD F-250,23JAN2013
4N2ZN17T92D812260,4N2ZN17T2,NISSAN QUEST,14JUL2010
1G8ZG5281XZ107285,1G8ZG528X,SATURN SEDAN 4D,14JAN2009
KM8SC13D42U184824,KM8SC13D2,HYUNDAI SANTA FE,11JUN2009
2FMDK48C18BA15596,2FMDK48C8,FORD EDGE AWD V6,07OCT2009
JT8BD69S110147545,JT8BD69S1,Lexus GS,03AUG2012
