JM1BL1VF2B1453553,MAZDA,Mazda3,2011
JTHBW1GG4D2004710,LEXUS,ES,2013
2LMDU88C88BJ37846,LINCOLN,MKX,2008
3N1AB6AP9BL627477,NISSAN,Sentra,2011
1FMCU9GXXDUA26673,FORD,Escape,2013
2HNYD18936H509966,ACURA,MDX,2006
YV1RS61R722118288,VOLVO,S60,2002
1FMEU64E06UB15360,FORD,Explorer,2006
JF1GJAA61EH004979,SUBARU,Impreza,2014
2G1FB1EV2A9110658,CHEVROLET,Camaro,2010
JA3AJ26EX4U009205,MITSUBISHI,Lancer,2004
1LNHM87A21Y626717,LINCOLN,LS,2001
2HNYD28417H503675,ACURA,MDX,2007
1FBNE3BL6BDB03486,FORD,E-350,2011
1C6RR7VT1ES166622,RAM,1500,2014
WBAFU9C53DDY71819,BMW,550i,2013
JTEHP21A860166370,TOYOTA,Highlander,2006
JM3LW28A730357529,MAZDA,MPV,2003
1FAFP34P5YW337616,FORD,Focus,2000
KMHEC4A41BA003293,HYUNDAI,Sonata,2011
1FTHX25G8RKA21244,FORD,F-250,1994
4N2ZN17T92D812260,NISSAN,Quest,2002
1G8ZG5281XZ107285,SATURN,SL1,1999
KM8SC13D42U184824,HYUNDAI,Santa Fe,2002
2FMDK48C18BA15596,FORD,Edge,2008
JT8BD69S110147545,LEXUS,GS,2001
